time,srcip,srcport,desip,desport,malware_label
"Mar  7, 2022 11:06:53.317022000 +07",10.0.0.25,42112,104.40.144.210,443,0
"Mar  7, 2022 11:06:52.918307000 +07",10.0.0.25,45658,40.90.184.73,443,0
"Mar  7, 2022 11:06:53.380404000 +07",10.0.0.25,36460,40.126.16.163,443,0
"Mar  7, 2022 11:06:53.518829000 +07",10.0.0.25,48834,204.79.197.219,443,0
"Mar  7, 2022 11:06:53.519041000 +07",10.0.0.25,34222,20.184.57.167,443,0
"Mar  7, 2022 11:06:53.519247000 +07",10.0.0.25,48360,131.253.33.203,443,0
"Mar  7, 2022 11:06:53.674439000 +07",10.0.0.25,42114,104.40.144.210,443,1
"Mar  7, 2022 11:06:53.728018000 +07",10.0.0.25,48836,204.79.197.219,443,0
"Mar  7, 2022 11:06:53.728528000 +07",10.0.0.25,39220,23.43.49.19,443,0
"Mar  7, 2022 11:06:53.730878000 +07",10.0.0.25,49334,204.79.197.203,443,0
"Mar  7, 2022 11:06:53.731072000 +07",10.0.0.25,34224,20.184.57.167,443,0
"Mar  7, 2022 11:06:53.738930000 +07",10.0.0.25,39222,23.43.49.19,443,0
"Mar  7, 2022 11:06:53.825209000 +07",10.0.0.25,59810,204.79.197.200,443,0
"Mar  7, 2022 11:06:53.886701000 +07",10.0.0.25,59812,204.79.197.200,443,0
"Mar  7, 2022 11:06:53.945756000 +07",10.0.0.25,45024,52.98.77.98,443,0
"Mar  7, 2022 11:06:53.887132000 +07",10.0.0.25,40342,52.231.207.240,443,0
"Mar  7, 2022 11:06:54.036947000 +07",10.0.0.25,45024,52.98.77.98,443,0
"Mar  7, 2022 11:06:54.007433000 +07",10.0.0.25,60372,184.28.223.98,443,0
"Mar  7, 2022 11:06:54.357925000 +07",10.0.0.25,39022,13.227.254.77,443,1
"Mar  7, 2022 11:06:54.390983000 +07",10.0.0.25,33048,185.199.110.153,443,0
"Mar  7, 2022 11:06:54.408123000 +07",10.0.0.25,33050,185.199.110.153,443,0
"Mar  7, 2022 11:06:54.751968000 +07",10.0.0.25,50304,17.253.85.204,443,0
"Mar  7, 2022 11:06:54.562794000 +07",10.0.0.25,50302,17.253.85.204,443,1
"Mar  7, 2022 11:06:54.754416000 +07",10.0.0.25,40508,34.214.64.121,443,0
"Mar  7, 2022 11:06:54.816714000 +07",10.0.0.25,40510,34.214.64.121,443,0
"Mar  7, 2022 11:06:54.817257000 +07",10.0.0.25,48842,204.79.197.219,443,0
"Mar  7, 2022 11:06:54.818445000 +07",10.0.0.25,59814,204.79.197.200,443,0
"Mar  7, 2022 11:06:54.851554000 +07",10.0.0.25,59816,204.79.197.200,443,1
"Mar  7, 2022 11:06:54.851954000 +07",10.0.0.25,48840,204.79.197.219,443,0
"Mar  7, 2022 11:06:54.852143000 +07",10.0.0.25,48838,204.79.197.219,443,0
"Mar  7, 2022 11:06:54.853345000 +07",10.0.0.25,39368,20.189.173.10,443,0
"Mar  7, 2022 11:06:55.016621000 +07",10.0.0.25,39370,20.189.173.10,443,0
"Mar  7, 2022 11:06:55.057939000 +07",10.0.0.25,39374,20.189.173.10,443,0
"Mar  7, 2022 11:06:55.432516000 +07",10.0.0.25,34070,185.199.108.153,443,0
"Mar  7, 2022 11:06:55.887544000 +07",10.0.0.25,39376,20.189.173.10,443,0
"Mar  7, 2022 11:06:56.180546000 +07",10.0.0.25,39378,20.189.173.10,443,1
"Mar  7, 2022 11:06:55.361590000 +07",10.0.0.25,34068,185.199.108.153,443,0
"Mar  7, 2022 11:06:56.614814000 +07",10.0.0.25,48844,204.79.197.219,443,0
"Mar  7, 2022 11:06:56.715098000 +07",10.0.0.25,48714,142.251.12.94,443,0
"Mar  7, 2022 11:06:56.650576000 +07",10.0.0.25,52628,20.198.162.78,443,0
"Mar  7, 2022 11:06:57.408252000 +07",10.0.0.25,45660,40.90.184.73,443,0
"Mar  7, 2022 11:06:58.594722000 +07",10.0.0.25,34746,13.69.239.72,443,0
"Mar  7, 2022 11:06:58.792549000 +07",10.0.0.25,34748,13.69.239.72,443,0
"Mar  7, 2022 11:06:59.722676000 +07",10.0.0.25,51436,74.125.68.101,443,0
"Mar  7, 2022 11:06:59.763363000 +07",10.0.0.25,51438,74.125.68.101,443,0
"Mar  7, 2022 11:07:01.916861000 +07",10.0.0.25,39174,104.26.7.119,443,0
"Mar  7, 2022 11:07:02.871487000 +07",10.0.0.25,53970,74.125.24.139,443,0
"Mar  7, 2022 11:07:02.943458000 +07",10.0.0.25,56218,123.31.39.137,443,0
"Mar  7, 2022 11:07:02.945452000 +07",10.0.0.25,48756,123.30.148.5,443,0
"Mar  7, 2022 11:07:02.992101000 +07",10.0.0.25,55634,125.212.247.214,443,0
"Mar  7, 2022 11:07:02.994809000 +07",10.0.0.25,55644,125.212.247.214,443,0
"Mar  7, 2022 11:07:02.997793000 +07",10.0.0.25,55642,125.212.247.214,443,0
"Mar  7, 2022 11:07:02.998051000 +07",10.0.0.25,55636,125.212.247.214,443,1
"Mar  7, 2022 11:07:02.998239000 +07",10.0.0.25,55640,125.212.247.214,443,0
"Mar  7, 2022 11:07:02.998409000 +07",10.0.0.25,55638,125.212.247.214,443,0
"Mar  7, 2022 11:07:01.967341000 +07",10.0.0.25,45662,40.90.184.73,443,0
"Mar  7, 2022 11:07:03.145912000 +07",10.0.0.25,56224,123.31.39.137,443,0
"Mar  7, 2022 11:07:03.115888000 +07",10.0.0.25,56220,123.31.39.137,443,1
"Mar  7, 2022 11:07:03.147088000 +07",10.0.0.25,56226,123.31.39.137,443,0
"Mar  7, 2022 11:07:03.199141000 +07",10.0.0.25,37508,142.251.12.132,443,0
"Mar  7, 2022 11:07:03.147240000 +07",10.0.0.25,56228,123.31.39.137,443,0
"Mar  7, 2022 11:07:03.363794000 +07",10.0.0.25,45664,40.90.184.73,443,1
"Mar  7, 2022 11:07:07.817814000 +07",10.0.0.25,55646,125.212.247.214,443,0
"Mar  7, 2022 11:07:14.885968000 +07",10.0.0.25,45666,40.90.184.73,443,0
"Mar  7, 2022 11:07:37.856967000 +07",10.0.0.25,45668,40.90.184.73,443,1
"Mar  7, 2022 11:07:41.594836000 +07",10.0.0.25,45670,40.90.184.73,443,1
"Mar  7, 2022 11:07:53.268080000 +07",10.0.0.25,48846,204.79.197.219,443,0
"Mar  7, 2022 11:07:03.146910000 +07",10.0.0.25,56222,123.31.39.137,443,1